Country Name,"Birth rate (per 1,000)","Death, by communicable diseases and others (%)","Death, by non-communicable diseases (%)","Health expenditure per capita, PPP ($)","Death rate (per 1,000)","Hospital beds (per 1,000)","International tourism, number of arrivals",Life expectancy at birth (years),"Mortality rate, adult, female (per 1,000)","Mortality rate, adult, male (per 1,000)","Nurses and midwives (per 1,000)",People using at least basic sanitation services (%),Population ages 65+ (%),Population density (people per sq.km),Population,Smoking prevalence (ages 15+)
Hungary,9.7,1.8,93.8,1963.16263,13.5,7.0,17552000.0,76.0634146341464,80.586,168.058,6.6425,97.9908733908907,19.1577253832321,107.906605545123,9768785.0,30.6
Colombia,15.097999999999999,10.1,74.8,829.80292211,5.502999999999999,1.5,3904000.0,76.925,87.205,187.40599999999998,1.2627,89.6253577567162,8.47804701986958,44.7487021180712,49648685.0,9.0
Germany,9.5,4.8,91.2,5463.33065234,11.3,8.3,38881000.0,80.990243902439,50.173,92.46,13.1967,99.22503756498129,21.4619619953309,237.3709697733,82927922.0,30.6
Slovenia,9.8,5.0,88.4,2772.22977561,9.9,4.6,4425000.0,81.1756097560976,43.961000000000006,94.604,9.68,99.1095679283407,19.6068796541788,102.639859503382,2067372.0,22.5
Rwanda,32.062,42.4,44.0,130.38062899,5.308,0.6611326178416276,932000.0,68.34100000000001,164.75599999999997,219.354,0.8307,66.5738423996839,2.9381960775388,498.659870287799,12301939.0,12.3
Gambia,38.967,54.8,34.3,74.31114618,8.044,1.1,552000.0,61.44,228.393,283.962,1.6292,39.2311499837464,2.5899809393823197,225.30652173912998,2280102.0,15.5
Niger,46.54,62.7,27.0,61.43025084,8.529,0.3,157000.0,61.599,226.833,255.179,0.3109,13.566659687881698,2.5950078826985297,17.717650588142398,22442948.0,7.7
Congo (Kinshasa),41.732,61.7,28.0,34.48820942,9.691,1.4833820737602716,351000.0,60.026,227.393,276.222,0.47,20.4559768639167,3.0178406215980296,37.0825923557045,84068091.0,16.23094074107128
Grenada,16.701,11.9,81.3,745.1027805,9.562999999999999,3.7,185000.0,72.388,95.288,182.25,3.1447,91.49389213371971,9.62190679562869,327.805882352941,111454.0,17.90416819761343
Jordan,22.622,10.7,78.4,494.75364627,3.843,1.4,4150000.0,74.292,90.196,125.23,3.3886,97.3397541392762,3.8464903979983402,112.14249831043001,9956011.0,25.377932661696388
Spain,8.4,5.1,91.4,3259.8027752,9.0,3.0,82773000.0,83.32926829268291,37.537,74.53699999999999,5.5307,99.9042308892552,19.3785075224995,93.5290582615872,46723749.0,29.3
Sudan,32.542,35.2,52.2,297.85590815,7.261,0.8,836000.0,64.881,189.477,247.00799999999998,0.83,36.5750324901267,3.58116052825144,116.85544767924323,41801533.0,12.574613387990418
Iraq,29.693,16.8,54.7,493.71787059,4.8260000000000005,1.4,892000.0,70.294,125.666,193.18400000000003,1.6799,94.1210224523593,3.3235996627950497,88.53057003546171,38433600.0,12.747380030583574
Kosovo,16.4,40.353726252768475,52.633548575268705,699.8228454474518,7.0,4.978491111170607,1557508.966765763,71.9463414634146,176.77119790333154,246.57580978806524,2.9843195913116243,48.67425718782728,8.502875918710767,168.154679893451,1845300.0,29.266595357365006
Bangladesh,18.500999999999998,25.6,66.9,90.59840433,5.5329999999999995,0.8,1026000.0,72.05199999999999,103.84,145.697,0.3067,48.233242717701906,5.15839063962068,1239.5793116693599,161356039.0,23.0
Azerbaijan,14.6,8.8,86.6,1193.05883013,5.8,4.7,2633000.0,72.693,89.884,150.322,6.9621,92.51144534712591,6.195182750714929,120.265319946776,9942334.0,20.8
Belarus,10.8,2.5,90.5,1151.40884919,12.6,11.0,11501600.0,74.12926829268291,82.559,234.903,11.4383,97.7909519750284,14.8451481743098,46.7287999040892,9485386.0,26.7
Liechtenstein,8.9,15.84274545029969,77.13377092176698,3165.453297042166,6.6,3.631073881352685,85300.0,82.2585365853659,118.60525444105839,183.88803379880707,7.761002267698807,99.95,8.267451076681393,236.9375,37910.0,17.537422781437495
Bolivia,22.076,22.4,64.5,496.30618855,6.795,1.1,1142000.0,70.945,146.06799999999998,211.993,0.7357,60.7169375713243,7.19194739218447,10.4801458506416,11353142.0,10.561128674123626
Cyprus,10.668,4.1,91.1,2270.83174445,6.952000000000001,3.4,3939000.0,80.672,33.388000000000005,65.933,5.2517,99.1523114561557,13.719061773448301,128.708333333333,1189265.0,36.4
Senegal,35.12,45.7,42.1,141.69486147,5.845,1.2723527191044932,1365000.0,67.38,147.372,218.71900000000002,0.3129,51.473989521037396,3.08682370101833,82.3474783150678,15854360.0,8.2
Mauritania,34.132,53.4,37.2,163.91744893,7.3389999999999995,2.347462562401982,4773515.987779997,64.464,177.804,223.47299999999998,1.0341,48.4354897706697,3.14111215805009,4.27216357815077,4403319.0,17.31557070940627
Guinea-Bissau,35.696999999999996,62.1,30.0,97.97199975,9.805,4.020559984554021,45200.0,57.673,237.36599999999999,287.8,1.4,20.538003002039602,2.8237163361526902,66.6539473684211,1874309.0,16.252327073716163
Lebanon,17.67,3.6,90.6,1147.37477362,4.263,2.9,1964000.0,78.833,48.58,67.158,2.6448,98.4766391682531,7.002368134392941,669.4941348973609,6848925.0,33.8
Bahamas,14.049000000000001,16.9,73.9,1435.56751295,6.72,2.9,1633000.0,73.554,116.318,194.61700000000002,3.1386,94.9305823307593,7.25760235662035,38.5254745254745,385640.0,11.5
Dominican Republic,19.799,15.8,72.3,936.82158997,6.12,1.6,6569000.0,73.689,116.772,200.872,0.3099,83.8932063216788,7.08281747649721,219.97857586421,10627165.0,13.7
Belgium,10.5,7.9,85.7,4667.88228695,9.6,6.2,9119000.0,81.4390243902439,53.933,89.305,11.1011,99.486060200783,18.7887437383395,377.21492734478204,11422068.0,28.2
Saudi Arabia,18.319000000000003,10.6,73.2,3117.23352667,3.446,2.7,15334000.0,74.874,76.08,95.287,5.7,100.0,3.31408802294981,15.6766543082956,33699947.0,15.6
Tanzania,37.075,55.8,32.9,111.97884273,6.622000000000001,0.7,1378000.0,64.479,186.43599999999998,229.697,0.4126,29.9134390163845,2.60129917835952,63.579078798825904,56318348.0,14.8
Guinea,36.765,55.7,35.1,107.72365549,8.715,0.3,99000.0,60.706,236.611,263.625,0.3844,22.7192698908919,2.9260224484793502,50.5222122741332,12414318.0,9.985654439071803
Peru,18.134,20.3,69.2,680.9994927,5.438,1.6,4419000.0,76.286,91.986,149.878,1.35,74.3429565941762,8.08839279183076,24.99160625,31989256.0,4.8
Kenya,29.296,63.3,27.1,143.54423755,5.582000000000001,1.4,1364000.0,65.90899999999999,174.37599999999998,252.222,1.5421,29.051115063143897,2.33918661191556,90.29941666373828,51393010.0,10.7
Ireland,12.9,5.1,90.6,5299.65396729,6.3,2.8,10926000.0,81.95609756097559,47.106,80.92,14.2949,91.24518131134208,13.8658017012923,70.452983016403,4853506.0,24.3
Cameroon,35.9,53.9,35.2,169.28882146,9.501,1.3,1081000.0,58.511,317.369,340.93,0.9337,39.075550156475,2.7288773552405696,53.3439889149796,25216237.0,12.638389400842001
Namibia,29.105,49.3,40.9,969.25813468,8.23,3.5194534903455983,1499000.0,63.021,241.97099999999998,337.589,2.775,34.503736926834,3.6360316807451403,2.9737455817512704,2448255.0,21.4
Chile,12.710999999999999,8.1,84.7,2002.00838398,6.0760000000000005,2.2,5723000.0,79.90899999999999,65.373,106.09200000000001,0.86,100.00000135222601,11.529801656881599,25.189446066651897,18729160.0,37.8
Thailand,10.513,15.8,74.0,635.02179596,7.559,2.1,38178000.0,76.683,91.148,199.34799999999998,2.9647,98.7507346105258,11.9008931395893,135.897206835131,69428524.0,19.9
Monaco,7.8,11.683691384081385,81.31511909875775,3019.1346449000002,7.9,13.8,347000.0,75.89227062816738,102.84064652712415,178.62990902501335,20.2625,100.0,8.678223418034072,19196.0,38682.0,19.10855563342471
Japan,7.6,12.7,82.4,4592.42820832,10.8,13.4,31192000.0,84.099756097561,36.943000000000005,68.46600000000001,11.5184,99.8947075676591,27.576369910355,347.07345841562403,126529100.0,22.1
Brazil,14.125,13.9,73.9,1777.47047654,6.377999999999999,2.2,6621000.0,75.456,92.31299999999999,188.59599999999998,9.7083,88.29384940555971,8.92283783244003,25.061716243087602,209469333.0,13.9
Saint Kitts and Nevis,12.6,15.264768503511709,77.75615190423608,1479.57085378,8.1,2.3,125000.0,79.27437630142308,115.58971908113934,182.78580688306755,3.9779,91.60912585034,8.404537624133619,201.69615384615398,52441.0,17.654767459309582
Kuwait,14.651,14.8,72.4,2899.26023773,2.6010000000000004,2.0,8508000.0,75.311,41.761,69.852,6.9694,100.0,2.55047238400198,232.172222222222,4137309.0,22.5
Nigeria,38.384,62.7,29.0,213.7372371,12.114,1.995814883045934,5265000.0,53.95,328.407,367.525,1.4524,39.1717540974593,2.7473770053274302,215.06498896538102,195874740.0,5.8
Indonesia,18.422,20.7,73.3,362.72194133,6.433,1.2,15810000.0,71.282,141.20600000000002,202.511,2.0583,73.1283873746602,5.857165612728631,147.75219008926,267663435.0,39.4
Zambia,36.699,60.6,29.2,175.17835208,6.632999999999999,2.0,1072000.0,63.043,236.93099999999998,341.80400000000003,0.8925,26.370118490977003,2.09967802593266,23.341478900711603,17351822.0,13.8
Finland,9.1,1.3,93.2,4112.05423386,9.8,4.4,3224000.0,81.4292682926829,43.26,93.675,14.722999999999999,99.44784411997108,21.7207875455222,18.1568556480537,5518050.0,20.4
Angola,41.281000000000006,63.4,27.4,185.82040062,8.432,0.7803260502150324,218000.0,60.379,199.981,273.435,2.4729147162406204,49.8769787577501,2.21637364776329,24.713052057431604,30809762.0,9.128026199398095
Paraguay,20.787,13.7,74.4,767.76711559,5.465,1.3,1181000.0,73.992,123.76100000000001,163.809,1.1669,89.78369143113791,6.4302150094608095,17.5083589227284,6956071.0,13.4
El Salvador,18.429000000000002,10.8,73.8,599.54871678,7.011,1.3,1677300.0,72.872,99.74,254.03099999999998,2.278,87.43356666807692,8.28709000480629,309.88146718146703,6420744.0,9.9
Bahrain,14.365,6.9,83.0,1866.29732036,2.3680000000000003,2.0,12045000.0,77.032,57.20399999999999,72.491,2.4944,100.0,2.42633387832394,2017.27369979138,1569439.0,26.4
Sierra Leone,33.939,57.9,33.2,244.04345109,12.003,1.9977316352914714,57000.0,53.895,383.435,395.94199999999995,0.9962,15.652661575664801,2.96655621131612,105.987170961485,7650154.0,24.8
Burkina Faso,38.419000000000004,56.3,32.7,115.60433137,8.341000000000001,0.4,144000.0,60.768,232.74200000000002,264.673,0.5696,19.4020870942332,2.4069808286635497,72.1912828947368,19751535.0,12.5
Ethiopia,32.775,49.0,39.3,69.52478888,6.691,0.3,849000.0,65.872,188.54,240.415,0.84,7.31633289543501,3.5011329976098597,109.22455900000001,109224559.0,4.4
Albania,11.934000000000001,2.9,93.1,759.66698419,7.7139999999999995,2.9,5340000.0,78.333,49.88399999999999,94.45,3.5998,97.7183683821447,13.7447359109736,104.61226277372299,2866376.0,28.7
Nepal,20.195999999999998,25.0,66.2,155.96958828,6.404,0.3,1173000.0,70.169,125.146,166.703,2.6854,62.0535954492586,5.72767077569198,195.939107080572,28087871.0,22.8
India,18.083,26.0,62.7,241.48305525,7.21,0.7,17423000.0,69.165,136.204,209.923,2.1071,59.5434482675674,6.1799556494714905,454.93807257524696,1352617328.0,11.5
Venezuela,18.232,11.3,69.5,939.99701085,6.814,0.8,427000.0,72.24600000000001,88.069,188.942,1.4862650930378112,93.9350190169228,7.266986620125969,32.7307919052208,28870195.0,11.998241959316783
Russia,12.9,4.8,87.4,1329.29241995,12.9,8.2,24551000.0,72.11902439024391,120.336,321.526,8.6212,90.48222462319029,14.6747083203719,8.82207955488442,144478050.0,39.3
Cambodia,22.889,25.6,64.4,228.57086774,6.017,0.8,6201000.0,69.289,134.547,202.166,0.9547,59.22696597977549,4.56868001756576,92.05641287106279,16249798.0,17.2
Latvia,10.7,2.7,91.8,1589.69204471,14.8,5.8,1946000.0,74.6804878048781,85.367,228.584,4.8155,92.1482658643503,20.0436203206809,30.9833065294307,1926542.0,37.0
US,11.8,5.2,88.3,9869.74238174,8.5,2.9,79745920.0,78.5390243902439,81.934,138.25,8.55,99.9700187653163,15.8076540556035,35.766088580168,327167434.0,21.8
Philippines,21.035999999999998,25.2,67.3,342.28682198,5.8389999999999995,1.0,7168000.0,70.952,133.878,259.084,0.24,76.5335020674233,5.12256876829946,357.688305329175,106651922.0,24.3
Italy,7.6,4.9,91.4,3427.30646617,10.7,3.4,61567200.0,83.24390243902441,37.246,65.423,5.8693,98.7724326744163,22.7516796025077,205.45074794315602,60431283.0,23.7
Mauritius,10.7,6.5,88.7,1206.73977865,8.0,3.4,1399000.0,74.51463414634149,94.432,190.247,3.3831,95.5048377122011,11.474173068652199,623.30197044335,1265303.0,21.6
Singapore,8.9,22.7,73.6,4083.75168085,5.0,2.4,14673000.0,82.89512195121951,35.431,60.766000000000005,7.2141,100.0,11.4633801933791,7952.9984184018,5638676.0,16.5
Somalia,41.919,64.2,23.9,211.79593421771168,11.062000000000001,0.9,2004068.6741104405,56.708999999999996,272.305,327.57,0.0611,38.336380263640706,2.8733109429455603,23.923476902477102,15008154.0,14.201992546489096
Seychelles,17.2,11.9,80.8,1122.56375395,7.8,3.6,362000.0,74.3,98.39200000000001,202.774,3.2613,100.0,7.5945456043503405,210.35217391304298,96762.0,21.5
Eritrea,30.898000000000003,42.9,45.2,55.33103421,7.3260000000000005,0.7,142000.0,65.538,206.699,280.532,4.055709941556497,11.939966186728,4.08385636215873,31.8215049504951,3213972.0,5.7
Burma,17.703,23.6,67.8,291.08854671,8.206,0.9,3551000.0,66.558,161.556,223.856,0.9794,64.332684035717,5.7846419325720895,82.23861548355491,53708395.0,20.3
Cabo Verde,19.919,19.5,70.3,347.64124992,5.682,2.1,710000.0,72.57,98.03,143.523,1.2272,73.85378675991191,4.60932715666821,134.92977667493798,543767.0,9.1
Israel,21.1,10.0,85.8,2843.0440065000003,5.1,3.1,4121000.0,82.60243902439029,39.638000000000005,70.873,5.2044,100.000001466914,11.9769860249625,410.526802218115,8883800.0,25.2
China,12.43,3.8,89.3,761.48785586,7.11,4.2,62900000.0,76.47,61.091,95.115,2.3073,84.76078771054509,10.9208835350654,148.348833270666,1392730000.0,25.6
Ecuador,19.968,15.1,72.2,942.8866596,5.101,1.5,2535000.0,76.584,83.55,156.91899999999998,1.2,87.9887160353163,7.15728972666108,68.7886817522951,17084357.0,7.1
Libya,19.38,8.0,71.9,627.28245574,5.099,3.7,1584896.1874825195,72.52,94.98299999999999,169.882,6.7416,100.0,4.39204025898401,3.7956323811905404,6678567.0,26.627455660163097
Portugal,8.4,10.2,85.6,2778.4155866,10.6,3.4,16186000.0,81.1243902439025,42.442,103.994,6.3725,99.6089231422543,21.9538575375873,112.23945350806999,10281762.0,22.7
Croatia,8.9,2.3,92.4,1705.20761848,13.0,5.6,16645000.0,77.8268292682927,50.512,119.40700000000001,8.1134,96.53844584148528,20.445433012423,73.0771979985704,4089400.0,37.0
Ukraine,9.4,4.1,91.0,534.19106414,14.5,8.8,14104000.0,71.7809756097561,111.279,292.069,7.0576,96.2243559906192,16.434686439201602,77.02966735141291,44622516.0,28.9
Argentina,17.205,15.9,77.6,1531.0383612,7.6160000000000005,5.0,6942000.0,76.372,80.283,148.705,2.58,94.25850541768209,11.1177888760774,16.2585100979651,44494502.0,21.8
Afghanistan,33.211,36.4,44.1,162.78115818,6.575,0.5,12082223.401648728,64.13,198.18400000000003,240.31400000000002,0.32,43.41761001455111,2.58492693988024,56.937760009803,37172386.0,23.1730829704372
Vietnam,16.979,11.5,77.2,356.27965474,6.252999999999999,2.6,15498000.0,75.241,64.96600000000001,178.38,1.4321,83.5150494720583,7.2749782978793,308.12524591221296,95540395.0,22.8
Chad,42.683,63.4,27.3,94.95477954,12.309000000000001,1.1337389440030312,87000.0,53.711999999999996,335.375,380.094,0.3637,8.34248327844754,2.4805189443490097,12.2917336404066,15477751.0,11.403565558412357
Costa Rica,14.245999999999999,6.4,83.3,1248.54792795,5.005,1.2,3017000.0,79.914,57.942,107.137,0.7957,97.81836025218608,9.54984767296984,97.91306306306309,4999441.0,11.9
Czechia,10.8,5.4,89.9,2484.63352906,10.5,6.5,10611000.0,79.4756097560976,53.283,108.916,8.4071,99.13409922582059,19.4208768932343,137.602887852888,10625695.0,34.3
Gabon,32.161,49.9,41.0,555.6279022000001,6.997999999999999,6.3,1984739.1908883355,65.839,204.50599999999997,248.028,2.5806,47.413276717843,3.5639074683559198,8.224764233321691,2119275.0,22.742604802554958
Norway,10.7,7.3,87.0,6203.454703,7.7,3.9,5688000.0,82.509756097561,43.49,69.462,18.1247,98.0543915037278,17.0492221563211,14.554919537497499,5314336.0,20.2
Antigua and Barbuda,15.53,11.9,81.8,976.3886597000001,6.316,3.8,269000.0,76.752,104.385,149.822,3.1176,87.5042823844152,8.79982551980558,218.83181818181802,96286.0,18.622823636713203
Armenia,14.298,2.8,93.3,876.85685658,9.862,4.2,1652000.0,74.797,73.176,171.99900000000002,5.6094,93.64230726953551,11.2538176570131,103.68022479803301,2951776.0,24.1
Denmark,10.6,6.5,89.7,5092.98030894,8.2,2.5,12749000.0,81.0048780487805,51.652,82.426,10.3004,99.59722881649151,19.8129526369902,138.067301738509,5797446.0,19.1
Lithuania,10.1,3.6,89.8,1978.26935572,14.2,7.3,2825000.0,74.67073170731709,78.821,212.885,7.9155,93.3536351507625,19.7050331564608,44.5313513780643,2789533.0,28.8
Jamaica,16.285999999999998,11.2,80.0,535.66458325,7.558,1.7,2473000.0,74.267,98.18,161.893,1.1397,87.3126001706103,8.79664255070196,270.993074792244,2934855.0,16.8
Malta,9.2,6.4,90.5,3511.13645593,7.6,4.7,2599000.0,82.45365853658541,35.527,64.89399999999999,8.95,99.95599411152729,20.3493242997122,1511.03125,483530.0,25.5
Saint Lucia,12.142999999999999,9.7,82.0,677.40156252,7.16,1.3,395000.0,75.907,105.008,161.07,1.5873,88.352908609115,9.806530356426169,298.17868852459,181889.0,17.9641334224259
Turkey,16.264,4.4,89.4,1089.24502526,5.394,2.7,45768000.0,77.161,68.73100000000001,135.409,2.6304,97.29723396277879,8.4832129399716,106.960128893104,82319724.0,27.2
Uzbekistan,22.1,10.3,83.7,416.90398159,5.0,4.0,5346000.0,71.388,101.845,170.549,12.0739,100.0,4.419137878136401,77.46920545369059,32955400.0,12.6
Mongolia,24.833000000000002,9.7,79.7,466.69121806,6.2989999999999995,7.0,529000.0,69.509,124.947,291.198,3.9846,58.479392767034504,4.083538787262451,2.0406086665465097,3170208.0,25.6
Estonia,10.5,2.8,92.7,1987.71815596,11.8,5.0,3234000.0,77.6414634146342,56.077,154.542,6.4526,99.1465538894863,19.626356846974897,30.386105360018398,1320884.0,31.3
Bhutan,17.459,20.9,68.6,293.1100222,6.242999999999999,1.7,274000.0,71.12899999999999,199.12900000000002,200.683,1.5094,69.2539354517128,6.003011712805611,19.7775277714448,754394.0,18.528055427990687
Poland,10.6,5.0,90.3,1784.39698369,10.6,6.5,19622000.0,77.85121951219509,61.842,160.653,5.7221,98.7966102160572,17.5178167625452,124.035886214442,37978548.0,28.0
Netherlands,9.9,5.2,89.6,5251.24157815,8.8,2.955246839255906,18780000.0,81.5609756097561,51.048,65.56,11.1043,97.71361006157551,19.1961926333387,511.45791035915704,17231017.0,25.8
Ghana,29.839000000000002,47.5,42.7,189.37488586,7.414,0.9,897000.0,63.463,217.59900000000002,257.843,1.2,18.472165615109603,3.0688980069339595,130.821429199262,29767108.0,3.9
Switzerland,10.3,4.3,89.6,7867.39450543,7.9,4.7,10362000.0,83.60243902439029,35.896,58.20399999999999,17.2828,99.8903735152104,18.6232165647717,215.521378417094,8516543.0,25.7
Central African Republic,35.66,63.7,26.0,29.907771899999997,12.671,1.0,107000.0,52.24,364.478,401.556,0.2039,25.3196707449267,2.82577370666008,7.490412212270059,4666377.0,14.581697459167621
Guatemala,24.912,25.1,59.2,462.40585501,4.762,0.6,1781000.0,73.81,110.07799999999999,209.13400000000001,0.9470000000000001,65.0631350754195,4.81207250828785,160.953779395297,17247807.0,11.307327209222759
New Zealand,12.43,4.6,89.5,3664.7215455,6.95,2.8,3686000.0,81.65853658536591,52.507,80.56,10.955,100.0,15.652424527174098,18.5541756864532,4885500.0,16.0
Oman,19.785999999999998,10.5,71.9,2826.84695564,2.4619999999999997,1.6,2301000.0,77.393,66.491,104.9,4.3004,99.99999868352671,2.39278695625796,15.6041453957997,4829483.0,11.1
Malaysia,16.867,17.5,73.6,1052.5475800000002,5.013999999999999,1.9,25832000.0,75.828,82.73200000000001,154.826,4.0718,99.572036160354,6.67175462547886,95.9628214883579,31528585.0,21.5
Uganda,38.946999999999996,54.5,32.9,117.11069685,6.769,0.5,1402000.0,62.516000000000005,263.675,340.348,0.6303,18.4723181554851,1.9409869204631698,213.06173449032502,42723139.0,10.0
Algeria,24.846,14.8,75.7,998.15375388,4.717,1.9,2657000.0,76.499,81.785,104.0,2.24,87.58657093299419,6.3624965449798605,17.7300750711665,42228429.0,15.6
Guyana,20.202,20.0,67.6,332.67455358,7.365,1.6,287000.0,69.624,167.33900000000003,245.418,1.3398,85.7631015015164,6.45027124309697,3.9573482346964703,779004.0,18.241724944187407
Cote d'Ivoire,35.993,52.4,37.2,162.6449615,10.262,1.1036720674884946,1965000.0,57.016999999999996,364.35900000000004,406.184,0.8517,32.134907136788,2.85894301500285,78.8340534591195,25069229.0,12.619021707070589
Bulgaria,9.0,2.2,95.2,1577.94276162,15.5,6.8,9273000.0,74.8121951219512,88.309,197.081,5.3029,86.0036981124037,21.021914434268,64.7035372144436,7024216.0,37.0
Qatar,9.698,5.2,68.9,3926.12103707,1.169,1.2,1819300.0,79.98100000000001,45.755,63.558,6.6028,100.0,1.3700703387375,239.59319552110298,2781677.0,20.6
North Macedonia,10.953,1.9,95.3,934.57501099,9.965,4.4,707000.0,75.589,65.806,122.85600000000001,3.7917,99.1247422137253,13.6701813815648,82.59151467089609,2082958.0,16.75263049035632
Morocco,19.399,14.0,79.6,465.69960182,5.072,1.1,12289000.0,76.218,63.356,73.55,1.0979,88.5036440702561,7.0129048211122,80.72851893345279,36029138.0,23.4
Dominica,12.0,15.969322537017302,77.16480711370028,580.65767054,8.2,3.8,63000.0,78.26166397745241,121.82806557483805,184.20304796921175,5.8999,77.8927614955628,8.369326445084475,95.5,71625.0,17.52305229802719
Bosnia and Herzegovina,8.293,1.8,94.5,1123.4254254,10.562999999999999,3.5,1053000.0,77.128,62.81,123.61,6.2998,95.36023530872808,16.4703174710621,64.92048828125,3323929.0,38.9
South Africa,20.908,39.6,51.3,1071.34710362,9.498,3.5220531787680227,10472000.0,63.538000000000004,258.471,378.912,3.5171,75.74709840229629,5.31800500542302,47.630119776768396,57779622.0,20.3
Saint Vincent and the Grenadines,14.402999999999999,13.4,81.0,409.14005816,9.162,2.6,80000.0,72.3,125.86399999999999,179.467,2.5801,87.1843449007354,9.58978686338024,282.589743589744,110210.0,17.580639603134856
United Arab Emirates,10.456,6.5,76.8,2546.18760349,1.429,1.2,21286000.0,77.64699999999999,54.933,78.066,5.5857,98.586008743698,1.0850009848448101,135.609110109828,9630959.0,28.9
Eswatini,26.773000000000003,53.7,36.7,663.25257978,9.843,2.1,782000.0,58.318999999999996,350.23800000000006,486.09,2.0,58.351983291024396,4.01458794083506,66.05761627906979,1136191.0,9.0
Papua New Guinea,27.364,36.1,55.9,92.26734054,7.521,1.8481438818411686,140000.0,64.01,189.16099999999997,254.41400000000002,0.5125,12.949266967669802,3.4452692514561702,19.004363379410897,8606316.0,36.3
Cuba,10.386,8.4,83.7,2457.66804544,8.827,5.2,4684000.0,78.66199999999999,69.263,103.896,7.79,92.81024176314828,15.1862114171521,108.99959623149401,11338138.0,35.2
Fiji,21.56,10.1,84.4,313.17131214,8.18,2.3,870000.0,67.252,133.369,230.98,2.938,95.0721750698175,5.449680412639519,48.3570333880679,883483.0,22.6
Greece,8.2,10.9,86.2,2261.1565296,11.6,4.3,30123000.0,81.3878048780488,43.207,95.81200000000001,3.3728,98.98319077538571,21.6552720778435,83.22473235065941,10727668.0,43.4
Kyrgyzstan,24.8,9.6,82.7,240.22661084,5.4,4.5,423000.0,71.2,95.042,212.451,6.4299,96.50706695539141,4.494727975596559,32.9290928050052,6315800.0,26.5
Madagascar,32.897,46.2,43.2,90.42908953,6.185,0.2,291000.0,66.311,183.71900000000002,234.544,0.1059,10.5067603950822,2.98671712579162,45.1398556204881,26262368.0,13.584541387050548
Georgia,13.718,2.7,93.7,797.17595278,12.918,2.6,4757000.0,73.414,78.096,223.78599999999997,4.0914,90.02479096818969,14.865491431052499,65.2752020714511,3731000.0,28.8
Zimbabwe,31.732,54.6,33.0,185.04828186,8.044,1.7,2580000.0,60.812,300.101,362.44599999999997,1.1546,36.221397559649404,2.9395236530011295,37.3245909267158,14439018.0,15.8
Djibouti,21.944000000000003,45.2,44.4,122.07560573,7.292999999999999,1.4,63000.0,65.893,223.55599999999998,271.057,0.535,63.6053572453779,4.52757937811482,41.368421052631604,958920.0,13.1
Andorra,8.8,10.766477822925982,84.17335824370332,4978.7066016,4.3,3.913699576552636,3042000.0,77.4905884248328,81.2169782631886,126.23650286262328,4.0128,99.9999962826959,15.610058834096836,163.842553191489,77006.0,33.5
Kazakhstan,21.64,4.5,86.0,858.76985003,7.15,6.7,8789000.0,72.95,95.436,222.855,8.488999999999999,97.8737016782929,7.39184627103032,6.76982590658221,18276499.0,24.0
Maldives,14.890999999999998,8.0,84.4,1628.54287872,2.883,3.389441563707616,1484000.0,78.325,53.312,75.445,3.9504,99.3729980716322,3.70334460612454,1718.9866666666699,515696.0,28.3
Brunei,15.376,7.8,84.8,1812.41364645,4.345,2.7,278000.0,75.585,71.0,100.04899999999999,6.6012,96.34904194638571,4.8731475675058205,81.39696394686909,428962.0,16.9
Haiti,24.75,30.3,57.1,95.4432869,8.638,0.7,447000.0,63.29,206.601,268.724,0.6804,34.704454288467495,4.94940384843253,403.59854862118993,11123176.0,12.7
Suriname,18.791,13.3,75.9,907.60439067,7.277,3.1,278000.0,71.46300000000001,116.16,218.468,4.0983,84.4575831711356,6.90636990225525,3.69225,575991.0,25.0
Pakistan,28.599,34.9,57.8,144.12382406,6.994,0.6,966000.0,66.947,138.952,177.197,0.5004,59.869495032297,4.312774311337559,275.28931870070596,212215030.0,20.1
West Bank and Gaza,29.905,53.262675247142575,37.21032536761696,165.79633118828835,3.469,1.7879662825226694,606000.0,73.74,93.882,128.255,0.9468730233582282,96.93900691164791,3.13330573708009,758.984551495017,4569087.0,16.879475452415058
Luxembourg,10.4,4.9,88.4,6374.20353899,7.1,4.8,1018000.0,82.68536585365851,38.403,79.192,12.3496,97.6005402087149,14.183154184147199,250.09382716049402,607728.0,23.5
Sao Tome and Principe,31.967,33.9,54.7,196.89687921,4.908,2.9,33400.0,69.933,160.77100000000002,217.175,2.26,42.97494427994221,2.9256781090661,219.820833333333,211028.0,18.037981821219965
Mexico,17.918,9.8,79.9,971.8231599,5.933,1.5,41313000.0,74.947,77.831,138.268,2.9,91.183055555117,7.2236849808719805,64.9146264050001,126190788.0,14.0
Moldova,10.274000000000001,4.2,90.1,480.38300046,11.527999999999999,5.8,160000.0,71.717,96.537,239.217,4.5113,76.3081992337757,11.469556341351199,123.51980353223999,3545883.0,24.2
Iran,19.011,7.9,81.9,1563.75167829,4.835,1.5,7295000.0,76.271,59.42,97.787,1.87,88.4218671015005,6.18457380562499,50.222420123283996,81800269.0,11.0
Malawi,34.593,59.7,31.7,115.15690197,6.811,1.3,871000.0,63.278999999999996,217.75799999999998,331.04400000000004,0.2528,26.2261482497524,2.64543493031032,192.440761561307,18143315.0,14.5
Laos,23.955,31.4,59.6,154.62945928,6.507999999999999,1.5,3770000.0,67.277,165.614,210.021,0.9756,74.4594104323402,4.075149964448101,30.5957842287695,7061507.0,28.9
Burundi,39.646,55.8,32.1,50.25423113,8.106,0.8,299000.0,60.898,257.341,314.753,0.68,45.8212048667364,2.24694046033717,435.17827102803705,11175378.0,10.585760969277379
Togo,33.55,51.7,37.6,99.90314053,8.568,0.7,573000.0,60.489,248.34599999999998,281.289,0.298,16.1321037019284,2.8694680110882205,145.04677330391598,7889094.0,7.4
Panama,19.262999999999998,15.6,74.6,1750.29885068,5.048,2.3,1785000.0,78.149,77.652,145.622,1.41,83.3154589674842,8.104731079667571,56.1860774818402,4176873.0,6.1
Liberia,33.426,58.5,31.4,133.14859723,7.729,0.8,4047055.722773633,63.295,209.84099999999998,249.532,0.1007,16.9735176994451,3.25343179968014,50.030907392026606,4818977.0,9.8
Sri Lanka,16.105999999999998,7.5,82.8,491.49336482,6.553999999999999,3.6,2334000.0,76.648,56.821000000000005,153.125,2.1155,95.7817263595986,10.4732197537841,345.558922022006,21670000.0,13.0
Serbia,9.2,2.4,94.6,1322.56354805,14.8,5.7,1711000.0,76.0878048780488,75.775,143.428,6.1203,97.5671990309622,18.3457926916963,79.8317402241024,6982084.0,38.9
Congo (Brazzaville),33.378,55.5,34.6,263.28980735,6.827999999999999,2.1996718377088884,156000.0,63.95399999999999,229.77700000000002,265.097,1.7431,20.172878924470698,2.68171953903232,15.3568462664715,5244363.0,26.9
Slovakia,10.7,4.8,89.2,2172.16038986,9.9,5.8,2256000.0,77.16585365853659,63.291000000000004,154.42700000000002,9.1727,97.938130390532,15.629246504777,113.290578202995,5447011.0,30.1
Sweden,11.5,5.2,89.9,5386.73402342,9.1,2.6,7440000.0,82.3073170731707,39.668,63.956,11.5434,99.29552037762409,20.0955249278002,25.001043431293102,10183175.0,18.8
Nicaragua,21.06,10.9,76.4,484.53229024,5.0489999999999995,0.9,1256000.0,74.068,101.39200000000001,186.945,1.5775,74.4347308149472,5.24749744838026,53.7270483629716,6465513.0,21.83437934251525
Equatorial Guinea,33.725,53.4,35.9,838.74427202,9.542,2.1,2589670.928851115,58.06100000000001,313.346,349.269,0.5,66.3127900215243,2.4578773467789703,46.6657397504456,1308974.0,28.66886080647696
United Kingdom,11.4,7.7,88.8,4177.81513137,9.2,2.8,36316000.0,81.1560975609756,55.36,86.10700000000001,8.2878,99.1102954789708,18.395865674146602,274.82739222089003,66488991.0,22.3
Romania,9.7,4.2,92.2,1152.17544922,13.3,6.3,11720000.0,75.30975609756099,74.127,173.643,6.0979,84.3099243448145,18.338701393829602,84.6398470097357,19473936.0,29.7
Barbados,10.683,13.0,82.8,1322.9855087,8.936,5.8,680000.0,78.98100000000001,72.178,121.021,6.0273,97.2793784985907,15.802693962133802,666.606976744186,286641.0,7.8
Benin,36.621,54.1,35.7,83.47636765,9.025,0.5,295000.0,61.174,214.232,260.724,0.6145,16.452920570178403,3.25360529746338,101.853919829727,11485048.0,6.4
Honduras,21.859,14.0,66.5,400.33640974,4.428,0.7,851000.0,74.898,117.40100000000001,170.217,0.8815,81.2512629376572,4.69061765907812,85.6870319063366,9587522.0,2.0
Trinidad and Tobago,13.302,9.0,80.7,2180.52343745,8.261000000000001,3.0,375000.0,73.245,119.505,212.905,3.5093,93.3989059531058,10.7349535163324,270.927485380117,1389858.0,15.961449260541597
San Marino,7.9,15.87428078243915,77.08309248296995,3831.9980604,7.6,3.8,84000.0,85.41707317073171,118.51336608858011,183.93978248328088,8.7768,100.0,8.246842584796543,563.083333333333,33785.0,17.529848021808633
Tunisia,18.01,7.8,85.8,806.34361548,6.274,2.3,8299000.0,76.31,68.392,108.32700000000001,2.6351,90.9213974244787,8.315679078988769,74.44132337796091,11565204.0,32.7
Iceland,11.9,4.4,89.8,4245.10898783,6.5,3.2,2343800.0,82.2048780487805,38.181,65.669,15.6806,98.7821682352681,14.795092556568902,3.52692269326683,353574.0,14.7
Australia,12.4,4.6,89.5,4529.88708182,6.5,3.8,9246000.0,82.4975609756098,44.75,76.486,12.6612,99.9911523822512,15.656475227559099,3.24912948744283,24992369.0,14.7
Egypt,27.05,10.2,84.1,516.34315446,5.8629999999999995,1.6,11196000.0,71.656,106.83,184.422,1.3989,94.1930218824391,5.229779346209231,98.8734692852479,98423595.0,25.2
Austria,10.0,2.6,92.2,5295.1817721,9.5,7.6,30816000.0,81.6414634146342,41.778999999999996,79.032,8.1778,99.9729096123263,19.0015664595899,107.20692666757799,8847037.0,29.6
Uruguay,13.963,7.6,84.9,1958.90021849,9.461,2.8,3469000.0,77.632,75.028,131.872,1.9299,96.59619233958999,14.8145195308593,19.7080276539824,3449299.0,16.8
"Korea, South",7.0,10.1,79.8,2711.738257,5.6,11.5,15347000.0,82.62682926829271,32.92,80.514,6.9735,100.0,14.418555832396901,529.652103632681,51635256.0,23.3
Montenegro,11.775,1.4,95.0,1333.92989986,10.592,4.0,2077000.0,76.667,66.918,126.819,5.7179,97.77387829326901,14.9749366447439,46.271003717472105,622345.0,45.9
Botswana,25.396,46.0,45.7,931.30471441,5.834,1.8,1623000.0,68.812,163.438,250.771,3.3004,77.2692247843667,4.22387434629301,3.9774248760432704,2254126.0,20.0
Belize,21.081,19.4,67.4,541.43432741,4.681,1.3,489000.0,74.365,123.552,216.13,1.6947,87.85852354979441,4.736458776571441,16.7939938623411,383071.0,15.472461620199178
